<ImportExportXml version="9.2.23015.198" SolutionPackageVersion="9.2" languagecode="1033" generatedBy="CrmLive" xmlns:xsi="http://www.w3.org/2001/XMLSchema-instance">
  <SolutionManifest>
    <UniqueName>CoECloudFlow</UniqueName>
    <LocalizedNames>
      <LocalizedName description="CoECloudFlow" languagecode="1033" />
    </LocalizedNames>
    <Descriptions />
    <Version>1.0.0.25</Version>
    <Managed>0</Managed>
    <Publisher>
      <UniqueName>eromerof</UniqueName>
      <LocalizedNames>
        <LocalizedName description="eromerof" languagecode="1033" />
      </LocalizedNames>
      <Descriptions />
      <EMailAddress xsi:nil="true"></EMailAddress>
      <SupportingWebsiteUrl xsi:nil="true"></SupportingWebsiteUrl>
      <CustomizationPrefix>erf</CustomizationPrefix>
      <CustomizationOptionValuePrefix>17431</CustomizationOptionValuePrefix>
      <Addresses>
        <Address>
          <AddressNumber>1</AddressNumber>
          <AddressTypeCode>1</AddressTypeCode>
          <City xsi:nil="true"></City>
          <County xsi:nil="true"></County>
          <Country xsi:nil="true"></Country>
          <Fax xsi:nil="true"></Fax>
          <FreightTermsCode xsi:nil="true"></FreightTermsCode>
          <ImportSequenceNumber xsi:nil="true"></ImportSequenceNumber>
          <Latitude xsi:nil="true"></Latitude>
          <Line1 xsi:nil="true"></Line1>
          <Line2 xsi:nil="true"></Line2>
          <Line3 xsi:nil="true"></Line3>
          <Longitude xsi:nil="true"></Longitude>
          <Name xsi:nil="true"></Name>
          <PostalCode xsi:nil="true"></PostalCode>
          <PostOfficeBox xsi:nil="true"></PostOfficeBox>
          <PrimaryContactName xsi:nil="true"></PrimaryContactName>
          <ShippingMethodCode>1</ShippingMethodCode>
          <StateOrProvince xsi:nil="true"></StateOrProvince>
          <Telephone1 xsi:nil="true"></Telephone1>
          <Telephone2 xsi:nil="true"></Telephone2>
          <Telephone3 xsi:nil="true"></Telephone3>
          <TimeZoneRuleVersionNumber xsi:nil="true"></TimeZoneRuleVersionNumber>
          <UPSZone xsi:nil="true"></UPSZone>
          <UTCOffset xsi:nil="true"></UTCOffset>
          <UTCConversionTimeZoneCode xsi:nil="true"></UTCConversionTimeZoneCode>
        </Address>
        <Address>
          <AddressNumber>2</AddressNumber>
          <AddressTypeCode>1</AddressTypeCode>
          <City xsi:nil="true"></City>
          <County xsi:nil="true"></County>
          <Country xsi:nil="true"></Country>
          <Fax xsi:nil="true"></Fax>
          <FreightTermsCode xsi:nil="true"></FreightTermsCode>
          <ImportSequenceNumber xsi:nil="true"></ImportSequenceNumber>
          <Latitude xsi:nil="true"></Latitude>
          <Line1 xsi:nil="true"></Line1>
          <Line2 xsi:nil="true"></Line2>
          <Line3 xsi:nil="true"></Line3>
          <Longitude xsi:nil="true"></Longitude>
          <Name xsi:nil="true"></Name>
          <PostalCode xsi:nil="true"></PostalCode>
          <PostOfficeBox xsi:nil="true"></PostOfficeBox>
          <PrimaryContactName xsi:nil="true"></PrimaryContactName>
          <ShippingMethodCode>1</ShippingMethodCode>
          <StateOrProvince xsi:nil="true"></StateOrProvince>
          <Telephone1 xsi:nil="true"></Telephone1>
          <Telephone2 xsi:nil="true"></Telephone2>
          <Telephone3 xsi:nil="true"></Telephone3>
          <TimeZoneRuleVersionNumber xsi:nil="true"></TimeZoneRuleVersionNumber>
          <UPSZone xsi:nil="true"></UPSZone>
          <UTCOffset xsi:nil="true"></UTCOffset>
          <UTCConversionTimeZoneCode xsi:nil="true"></UTCConversionTimeZoneCode>
        </Address>
      </Addresses>
    </Publisher>
    <RootComponents>
      <RootComponent type="1" schemaName="admin_flow" behavior="2" />
      <RootComponent type="1" schemaName="admin_maker" behavior="1" />
      <RootComponent type="1" schemaName="cat_cloudflowruns" behavior="2" />
      <RootComponent type="1" schemaName="erf_cloudflowincident" behavior="0" />
      <RootComponent type="29" id="{29c69d50-d8c6-ec11-a7b6-000d3a2aa717}" behavior="0" />
      <RootComponent type="29" id="{99d0dade-88c7-ec11-a7b6-002248823db1}" behavior="0" />
      <RootComponent type="29" id="{dee7a603-8dc7-ec11-a7b6-002248823db1}" behavior="0" />
      <RootComponent type="61" schemaName="erf_cloudflowincidententityimage" behavior="0" />
      <RootComponent type="62" schemaName="admin_PowerPlatformAdminView" behavior="0" />
    </RootComponents>
    <MissingDependencies>
      <MissingDependency>
        <Required type="1" schemaName="admin_aibuildermodel" displayName="AiBuilderModel" solution="CenterofExcellenceCoreComponents (3.56)" />
        <Dependent type="62" schemaName="admin_PowerPlatformAdminView" />
      </MissingDependency>
      <MissingDependency>
        <Required type="1" schemaName="admin_app" displayName="PowerApps App" solution="CenterofExcellenceCoreComponents (3.56)" />
        <Dependent type="62" schemaName="admin_PowerPlatformAdminView" />
      </MissingDependency>
      <MissingDependency>
        <Required type="1" schemaName="admin_auditlog" displayName="Audit Log" solution="CenterofExcellenceCoreComponents (3.56)" />
        <Dependent type="62" schemaName="admin_PowerPlatformAdminView" />
      </MissingDependency>
      <MissingDependency>
        <Required type="1" schemaName="admin_businessprocessflows" displayName="Business Process Flows" solution="CenterofExcellenceCoreComponents (3.56)" />
        <Dependent type="62" schemaName="admin_PowerPlatformAdminView" />
      </MissingDependency>
      <MissingDependency>
        <Required type="1" schemaName="admin_connectionreference" displayName="CoE Connection Reference" solution="CenterofExcellenceCoreComponents (3.56)" />
        <Dependent type="60" displayName="Main Flow Form" parentDisplayName="Flow" id="{1e9a3577-99f5-477a-82fd-736255a3ff9d}" />
      </MissingDependency>
      <MissingDependency>
        <Required type="1" schemaName="admin_connectionreferenceidentity" displayName="Connection Reference Identity" solution="CenterofExcellenceCoreComponents (3.56)" />
        <Dependent type="62" schemaName="admin_PowerPlatformAdminView" />
      </MissingDependency>
      <MissingDependency>
        <Required type="1" schemaName="admin_connector" displayName="PowerApps Connector" solution="CenterofExcellenceCoreComponents (3.56)" />
        <Dependent type="62" schemaName="admin_PowerPlatformAdminView" />
      </MissingDependency>
      <MissingDependency>
        <Required type="1" schemaName="admin_environment" displayName="Environment" solution="CenterofExcellenceCoreComponents (3.56)" />
        <Dependent type="62" schemaName="admin_PowerPlatformAdminView" />
      </MissingDependency>
      <MissingDependency>
        <Required type="1" schemaName="admin_environmentbusinessarea" displayName="Environment Business Area" solution="CenterofExcellenceCoreComponents (3.56)" />
        <Dependent type="62" schemaName="admin_PowerPlatformAdminView" />
      </MissingDependency>
      <MissingDependency>
        <Required type="1" schemaName="admin_flow" displayName="Flow" solution="CenterofExcellenceCoreComponents (3.56)" />
        <Dependent type="1" schemaName="admin_flow" displayName="Flow" />
      </MissingDependency>
      <MissingDependency>
        <Required type="1" schemaName="admin_flow" displayName="Flow" solution="CenterofExcellenceCoreComponents (3.56)" />
        <Dependent type="10" schemaName="admin_Flow_FlowCreator_admin_Maker" displayName="admin_Flow_FlowCreator_admin_Maker" parentSchemaName="admin_flow" parentDisplayName="Flow" />
      </MissingDependency>
      <MissingDependency>
        <Required type="1" schemaName="admin_flow" displayName="Flow" solution="CenterofExcellenceCoreComponents (3.56)" />
        <Dependent type="2" schemaName="erf_forceactivateifstopped" displayName="Force activate if stopped" parentSchemaName="admin_flow" parentDisplayName="Flow" />
      </MissingDependency>
      <MissingDependency>
        <Required type="1" schemaName="admin_flow" displayName="Flow" solution="CenterofExcellenceCoreComponents (3.56)" />
        <Dependent type="2" schemaName="erf_monitoringexecution" displayName="Monitoring Execution" parentSchemaName="admin_flow" parentDisplayName="Flow" />
      </MissingDependency>
      <MissingDependency>
        <Required type="1" schemaName="admin_flow" displayName="Flow" solution="CenterofExcellenceCoreComponents (3.56)" />
        <Dependent type="2" schemaName="erf_usertoassignincidents" displayName="User to assign incidents" parentSchemaName="admin_flow" parentDisplayName="Flow" />
      </MissingDependency>
      <MissingDependency>
        <Required type="1" schemaName="admin_flow" displayName="Flow" solution="CenterofExcellenceCoreComponents (3.56)" />
        <Dependent type="29" displayName="Custom - Admin | Sync Template v3 (CloudFlowExecutions)" id="{29c69d50-d8c6-ec11-a7b6-000d3a2aa717}" />
      </MissingDependency>
      <MissingDependency>
        <Required type="1" schemaName="admin_flow" displayName="Flow" solution="CenterofExcellenceCoreComponents (3.56)" />
        <Dependent type="29" displayName="Cloud Flow - Alert When Cloud Flows is off" id="{99d0dade-88c7-ec11-a7b6-002248823db1}" />
      </MissingDependency>
      <MissingDependency>
        <Required type="1" schemaName="admin_flow" displayName="Flow" solution="CenterofExcellenceCoreComponents (3.56)" />
        <Dependent type="62" schemaName="admin_PowerPlatformAdminView" />
      </MissingDependency>
      <MissingDependency>
        <Required type="1" schemaName="admin_flowactiondetail" displayName="Flow Action Detail" solution="CenterofExcellenceCoreComponents (3.56)" />
        <Dependent type="60" displayName="Main Flow Form" parentDisplayName="Flow" id="{1e9a3577-99f5-477a-82fd-736255a3ff9d}" />
      </MissingDependency>
      <MissingDependency>
        <Required type="1" schemaName="admin_maker" displayName="Maker" solution="CenterofExcellenceCoreComponents (3.56)" />
        <Dependent type="1" schemaName="admin_maker" displayName="Maker" />
      </MissingDependency>
      <MissingDependency>
        <Required type="1" schemaName="admin_maker" displayName="Maker" solution="CenterofExcellenceCoreComponents (3.56)" />
        <Dependent type="10" schemaName="admin_Flow_FlowCreator_admin_Maker" displayName="admin_Flow_FlowCreator_admin_Maker" parentSchemaName="admin_flow" parentDisplayName="Flow" />
      </MissingDependency>
      <MissingDependency>
        <Required type="1" schemaName="admin_maker" displayName="Maker" solution="CenterofExcellenceCoreComponents (3.56)" />
        <Dependent type="10" schemaName="erf_erf_cloudflowincident_makerid_admin_maker" displayName="erf_erf_cloudflowincident_makerid_admin_maker" parentSchemaName="admin_maker" parentDisplayName="Maker" />
      </MissingDependency>
      <MissingDependency>
        <Required type="1" schemaName="admin_maker" displayName="Maker" solution="CenterofExcellenceCoreComponents (3.56)" />
        <Dependent type="62" schemaName="admin_PowerPlatformAdminView" />
      </MissingDependency>
      <MissingDependency>
        <Required type="1" schemaName="admin_portal" displayName="Power Pages Site" solution="CenterofExcellenceCoreComponents (3.56)" />
        <Dependent type="62" schemaName="admin_PowerPlatformAdminView" />
      </MissingDependency>
      <MissingDependency>
        <Required type="1" schemaName="admin_powerplatformuser" displayName="Power Platform User" solution="CenterofExcellenceCoreComponents (3.56)" />
        <Dependent type="62" schemaName="admin_PowerPlatformAdminView" />
      </MissingDependency>
      <MissingDependency>
        <Required type="1" schemaName="admin_pva" displayName="PVA" solution="CenterofExcellenceCoreComponents (3.56)" />
        <Dependent type="62" schemaName="admin_PowerPlatformAdminView" />
      </MissingDependency>
      <MissingDependency>
        <Required type="1" schemaName="admin_rpa" displayName="Desktop flow" solution="CenterofExcellenceCoreComponents (3.56)" />
        <Dependent type="62" schemaName="admin_PowerPlatformAdminView" />
      </MissingDependency>
      <MissingDependency>
        <Required type="1" schemaName="admin_solution" displayName="Power Platform Solution" solution="CenterofExcellenceCoreComponents (3.56)" />
        <Dependent type="62" schemaName="admin_PowerPlatformAdminView" />
      </MissingDependency>
      <MissingDependency>
        <Required type="1" schemaName="cat_cloudflowruns" displayName="Cloud Flow Runs" solution="CenterofExcellenceCoreComponents (3.56)" />
        <Dependent type="1" schemaName="cat_cloudflowruns" displayName="Cloud Flow Runs" />
      </MissingDependency>
      <MissingDependency>
        <Required type="1" schemaName="coe_environmentcreationrequest" displayName="Environment Creation Request" solution="CenterofExcellenceCoreComponents (3.56)" />
        <Dependent type="62" schemaName="admin_PowerPlatformAdminView" />
      </MissingDependency>
      <MissingDependency>
        <Required type="10" schemaName="admin_rel_FlowConnectionReference" displayName="admin_rel_FlowConnectionReference" parentSchemaName="admin_connectionreference" parentDisplayName="CoE Connection Reference" solution="CenterofExcellenceCoreComponents (3.56)" />
        <Dependent type="60" displayName="Main Flow Form" parentDisplayName="Flow" id="{1e9a3577-99f5-477a-82fd-736255a3ff9d}" />
      </MissingDependency>
      <MissingDependency>
        <Required type="10" schemaName="admin_Flow_DerivedOwner_admin_Maker" displayName="admin_Flow_DerivedOwner_admin_Maker" parentSchemaName="admin_flow" parentDisplayName="Flow" solution="CenterofExcellenceCoreComponents (3.56)" />
        <Dependent type="10" schemaName="admin_Flow_FlowCreator_admin_Maker" displayName="admin_Flow_FlowCreator_admin_Maker" parentSchemaName="admin_flow" parentDisplayName="Flow" />
      </MissingDependency>
      <MissingDependency>
        <Required type="10" schemaName="admin_Flow_DerivedOwner_admin_Maker" displayName="admin_Flow_DerivedOwner_admin_Maker" parentSchemaName="admin_flow" parentDisplayName="Flow" solution="CenterofExcellenceCoreComponents (3.56)" />
        <Dependent type="60" displayName="Main Flow Form" parentDisplayName="Flow" id="{1e9a3577-99f5-477a-82fd-736255a3ff9d}" />
      </MissingDependency>
      <MissingDependency>
        <Required type="10" schemaName="admin_Flow_FlowCreator_admin_Maker" displayName="admin_Flow_FlowCreator_admin_Maker" parentSchemaName="admin_flow" parentDisplayName="Flow" solution="CenterofExcellenceCoreComponents (3.56)" />
        <Dependent type="10" schemaName="admin_Flow_FlowCreator_admin_Maker" displayName="admin_Flow_FlowCreator_admin_Maker" parentSchemaName="admin_flow" parentDisplayName="Flow" />
      </MissingDependency>
      <MissingDependency>
        <Required type="10" schemaName="admin_Flow_FlowCreator_admin_Maker" displayName="admin_Flow_FlowCreator_admin_Maker" parentSchemaName="admin_flow" parentDisplayName="Flow" solution="CenterofExcellenceCoreComponents (3.56)" />
        <Dependent type="60" displayName="Main Flow Form" parentDisplayName="Flow" id="{1e9a3577-99f5-477a-82fd-736255a3ff9d}" />
      </MissingDependency>
      <MissingDependency>
        <Required type="10" schemaName="admin_Flow_FlowEnvironment_admin_Environm" displayName="admin_Flow_FlowEnvironment_admin_Environm" parentSchemaName="admin_flow" parentDisplayName="Flow" solution="CenterofExcellenceCoreComponents (3.56)" />
        <Dependent type="60" displayName="Main Flow Form" parentDisplayName="Flow" id="{1e9a3577-99f5-477a-82fd-736255a3ff9d}" />
      </MissingDependency>
      <MissingDependency>
        <Required type="10" schemaName="admin_FlowActionDetail_admin_Flow_admin_F" displayName="admin_FlowActionDetail_admin_Flow_admin_F" parentSchemaName="admin_flowactiondetail" parentDisplayName="Flow Action Detail" solution="CenterofExcellenceCoreComponents (3.56)" />
        <Dependent type="60" displayName="Main Flow Form" parentDisplayName="Flow" id="{1e9a3577-99f5-477a-82fd-736255a3ff9d}" />
      </MissingDependency>
      <MissingDependency>
        <Required type="10" schemaName="cat_CloudFlowRuns_Flow_admin_Flow" displayName="cat_CloudFlowRuns_Flow_admin_Flow" parentSchemaName="cat_cloudflowruns" parentDisplayName="Cloud Flow Runs" solution="CenterofExcellenceCoreComponents (3.56)" />
        <Dependent type="10" schemaName="cat_CloudFlowRuns_Flow_admin_Flow" displayName="cat_CloudFlowRuns_Flow_admin_Flow" parentSchemaName="cat_cloudflowruns" parentDisplayName="Cloud Flow Runs" />
      </MissingDependency>
      <MissingDependency>
        <Required type="10" schemaName="cat_CloudFlowRuns_Flow_admin_Flow" displayName="cat_CloudFlowRuns_Flow_admin_Flow" parentSchemaName="cat_cloudflowruns" parentDisplayName="Cloud Flow Runs" solution="CenterofExcellenceCoreComponents (3.56)" />
        <Dependent type="60" displayName="Information" parentDisplayName="Cloud Flow Runs" id="{253e3f15-19e7-45f9-9274-f3a44e86294f}" />
      </MissingDependency>
      <MissingDependency>
        <Required type="2" schemaName="admin_adminrequirementreviewedflow" displayName="Admin Requirement - Reviewed Flow" parentSchemaName="admin_flow" parentDisplayName="Flow" solution="CenterofExcellenceCoreComponents (3.56)" />
        <Dependent type="60" displayName="Main Flow Form" parentDisplayName="Flow" id="{1e9a3577-99f5-477a-82fd-736255a3ff9d}" />
      </MissingDependency>
      <MissingDependency>
        <Required type="2" schemaName="admin_adminrequirementriskassessment" displayName="Admin Requirement - Risk Assessment" parentSchemaName="admin_flow" parentDisplayName="Flow" solution="CenterofExcellenceCoreComponents (3.56)" />
        <Dependent type="60" displayName="Main Flow Form" parentDisplayName="Flow" id="{1e9a3577-99f5-477a-82fd-736255a3ff9d}" />
      </MissingDependency>
      <MissingDependency>
        <Required type="2" schemaName="admin_adminrequirementriskassessmentstate" displayName="Admin Requirement - Risk Assessment State" parentSchemaName="admin_flow" parentDisplayName="Flow" solution="CenterofExcellenceCoreComponents (3.56)" />
        <Dependent type="60" displayName="Main Flow Form" parentDisplayName="Flow" id="{1e9a3577-99f5-477a-82fd-736255a3ff9d}" />
      </MissingDependency>
      <MissingDependency>
        <Required type="2" schemaName="admin_containsaibuilder" displayName="Contains AI Builder" parentSchemaName="admin_flow" parentDisplayName="Flow" solution="CenterofExcellenceCoreComponents (3.56)" />
        <Dependent type="60" displayName="Main Flow Form" parentDisplayName="Flow" id="{1e9a3577-99f5-477a-82fd-736255a3ff9d}" />
      </MissingDependency>
      <MissingDependency>
        <Required type="2" schemaName="admin_containsplaintextpassword" displayName="Contains Plain Text Password" parentSchemaName="admin_flow" parentDisplayName="Flow" solution="CenterofExcellenceCoreComponents (3.56)" />
        <Dependent type="60" displayName="Main Flow Form" parentDisplayName="Flow" id="{1e9a3577-99f5-477a-82fd-736255a3ff9d}" />
      </MissingDependency>
      <MissingDependency>
        <Required type="2" schemaName="admin_derivedowner" displayName="DerivedOwner" parentSchemaName="admin_flow" parentDisplayName="Flow" solution="CenterofExcellenceCoreComponents (3.56)" />
        <Dependent type="10" schemaName="admin_Flow_FlowCreator_admin_Maker" displayName="admin_Flow_FlowCreator_admin_Maker" parentSchemaName="admin_flow" parentDisplayName="Flow" />
      </MissingDependency>
      <MissingDependency>
        <Required type="2" schemaName="admin_derivedowner" displayName="DerivedOwner" parentSchemaName="admin_flow" parentDisplayName="Flow" solution="CenterofExcellenceCoreComponents (3.56)" />
        <Dependent type="60" displayName="Main Flow Form" parentDisplayName="Flow" id="{1e9a3577-99f5-477a-82fd-736255a3ff9d}" />
      </MissingDependency>
      <MissingDependency>
        <Required type="2" schemaName="admin_displayname" displayName="Display Name" parentSchemaName="admin_flow" parentDisplayName="Flow" solution="CenterofExcellenceCoreComponents (3.56)" />
        <Dependent type="60" displayName="Main Flow Form" parentDisplayName="Flow" id="{1e9a3577-99f5-477a-82fd-736255a3ff9d}" />
      </MissingDependency>
      <MissingDependency>
        <Required type="2" schemaName="admin_flowcontainsbrokenconnections" displayName="Flow Contains Broken Connections" parentSchemaName="admin_flow" parentDisplayName="Flow" solution="CenterofExcellenceCoreComponents (3.56)" />
        <Dependent type="60" displayName="Main Flow Form" parentDisplayName="Flow" id="{1e9a3577-99f5-477a-82fd-736255a3ff9d}" />
      </MissingDependency>
      <MissingDependency>
        <Required type="2" schemaName="admin_flowcreatedon" displayName="Flow Created On" parentSchemaName="admin_flow" parentDisplayName="Flow" solution="CenterofExcellenceCoreComponents (3.56)" />
        <Dependent type="60" displayName="Main Flow Form" parentDisplayName="Flow" id="{1e9a3577-99f5-477a-82fd-736255a3ff9d}" />
      </MissingDependency>
      <MissingDependency>
        <Required type="2" schemaName="admin_flowcreator" displayName="Maker" parentSchemaName="admin_flow" parentDisplayName="Flow" solution="CenterofExcellenceCoreComponents (3.56)" />
        <Dependent type="10" schemaName="admin_Flow_FlowCreator_admin_Maker" displayName="admin_Flow_FlowCreator_admin_Maker" parentSchemaName="admin_flow" parentDisplayName="Flow" />
      </MissingDependency>
      <MissingDependency>
        <Required type="2" schemaName="admin_flowcreator" displayName="Maker" parentSchemaName="admin_flow" parentDisplayName="Flow" solution="CenterofExcellenceCoreComponents (3.56)" />
        <Dependent type="60" displayName="Main Flow Form" parentDisplayName="Flow" id="{1e9a3577-99f5-477a-82fd-736255a3ff9d}" />
      </MissingDependency>
      <MissingDependency>
        <Required type="2" schemaName="admin_flowdeleted" displayName="Flow Deleted" parentSchemaName="admin_flow" parentDisplayName="Flow" solution="CenterofExcellenceCoreComponents (3.56)" />
        <Dependent type="60" displayName="Main Flow Form" parentDisplayName="Flow" id="{1e9a3577-99f5-477a-82fd-736255a3ff9d}" />
      </MissingDependency>
      <MissingDependency>
        <Required type="2" schemaName="admin_flowdeletedon" displayName="Flow Deleted On" parentSchemaName="admin_flow" parentDisplayName="Flow" solution="CenterofExcellenceCoreComponents (3.56)" />
        <Dependent type="60" displayName="Main Flow Form" parentDisplayName="Flow" id="{1e9a3577-99f5-477a-82fd-736255a3ff9d}" />
      </MissingDependency>
      <MissingDependency>
        <Required type="2" schemaName="admin_flowdescription" displayName="Flow Description" parentSchemaName="admin_flow" parentDisplayName="Flow" solution="CenterofExcellenceCoreComponents (3.56)" />
        <Dependent type="60" displayName="Main Flow Form" parentDisplayName="Flow" id="{1e9a3577-99f5-477a-82fd-736255a3ff9d}" />
      </MissingDependency>
      <MissingDependency>
        <Required type="2" schemaName="admin_flowenvironment" displayName="Flow Environment" parentSchemaName="admin_flow" parentDisplayName="Flow" solution="CenterofExcellenceCoreComponents (3.56)" />
        <Dependent type="60" displayName="Main Flow Form" parentDisplayName="Flow" id="{1e9a3577-99f5-477a-82fd-736255a3ff9d}" />
      </MissingDependency>
      <MissingDependency>
        <Required type="2" schemaName="admin_flowexcusedfromarchival" displayName="Flow Excused From Archival" parentSchemaName="admin_flow" parentDisplayName="Flow" solution="CenterofExcellenceCoreComponents (3.56)" />
        <Dependent type="60" displayName="Main Flow Form" parentDisplayName="Flow" id="{1e9a3577-99f5-477a-82fd-736255a3ff9d}" />
      </MissingDependency>
      <MissingDependency>
        <Required type="2" schemaName="admin_flowidstring" displayName="FlowIDString" parentSchemaName="admin_flow" parentDisplayName="Flow" solution="CenterofExcellenceCoreComponents (3.56)" />
        <Dependent type="60" displayName="Main Flow Form" parentDisplayName="Flow" id="{1e9a3577-99f5-477a-82fd-736255a3ff9d}" />
      </MissingDependency>
      <MissingDependency>
        <Required type="2" schemaName="admin_flowmodifiedon" displayName="Flow Modified On" parentSchemaName="admin_flow" parentDisplayName="Flow" solution="CenterofExcellenceCoreComponents (3.56)" />
        <Dependent type="60" displayName="Main Flow Form" parentDisplayName="Flow" id="{1e9a3577-99f5-477a-82fd-736255a3ff9d}" />
      </MissingDependency>
      <MissingDependency>
        <Required type="2" schemaName="admin_flowpendingsuspensionon" displayName="Flow Pending Suspension On" parentSchemaName="admin_flow" parentDisplayName="Flow" solution="CenterofExcellenceCoreComponents (3.56)" />
        <Dependent type="60" displayName="Main Flow Form" parentDisplayName="Flow" id="{1e9a3577-99f5-477a-82fd-736255a3ff9d}" />
      </MissingDependency>
      <MissingDependency>
        <Required type="2" schemaName="admin_flowpendingsuspensionpowerappplanexcluded" displayName="Flow Pending Suspension PowerAppPlanExcluded" parentSchemaName="admin_flow" parentDisplayName="Flow" solution="CenterofExcellenceCoreComponents (3.56)" />
        <Dependent type="60" displayName="Main Flow Form" parentDisplayName="Flow" id="{1e9a3577-99f5-477a-82fd-736255a3ff9d}" />
      </MissingDependency>
      <MissingDependency>
        <Required type="2" schemaName="admin_flowpendingsuspensionreason" displayName="Flow Pending Suspension Reason" parentSchemaName="admin_flow" parentDisplayName="Flow" solution="CenterofExcellenceCoreComponents (3.56)" />
        <Dependent type="60" displayName="Main Flow Form" parentDisplayName="Flow" id="{1e9a3577-99f5-477a-82fd-736255a3ff9d}" />
      </MissingDependency>
      <MissingDependency>
        <Required type="2" schemaName="admin_flowstate" displayName="Flow State" parentSchemaName="admin_flow" parentDisplayName="Flow" solution="CenterofExcellenceCoreComponents (3.56)" />
        <Dependent type="60" displayName="Main Flow Form" parentDisplayName="Flow" id="{1e9a3577-99f5-477a-82fd-736255a3ff9d}" />
      </MissingDependency>
      <MissingDependency>
        <Required type="2" schemaName="admin_flowsuspensionreason" displayName="Flow Suspension Reason" parentSchemaName="admin_flow" parentDisplayName="Flow" solution="CenterofExcellenceCoreComponents (3.56)" />
        <Dependent type="60" displayName="Main Flow Form" parentDisplayName="Flow" id="{1e9a3577-99f5-477a-82fd-736255a3ff9d}" />
      </MissingDependency>
      <MissingDependency>
        <Required type="2" schemaName="admin_makerrequirementdependencies" displayName="Maker Requirement - Dependencies" parentSchemaName="admin_flow" parentDisplayName="Flow" solution="CenterofExcellenceCoreComponents (3.56)" />
        <Dependent type="60" displayName="Main Flow Form" parentDisplayName="Flow" id="{1e9a3577-99f5-477a-82fd-736255a3ff9d}" />
      </MissingDependency>
      <MissingDependency>
        <Required type="2" schemaName="admin_mitigationplanprovided" displayName="Mitigation Plan Provided" parentSchemaName="admin_flow" parentDisplayName="Flow" solution="CenterofExcellenceCoreComponents (3.56)" />
        <Dependent type="60" displayName="Main Flow Form" parentDisplayName="Flow" id="{1e9a3577-99f5-477a-82fd-736255a3ff9d}" />
      </MissingDependency>
      <MissingDependency>
        <Required type="2" schemaName="admin_requirement_1" displayName="Maker Requirement - Business Justification" parentSchemaName="admin_flow" parentDisplayName="Flow" solution="CenterofExcellenceCoreComponents (3.56)" />
        <Dependent type="60" displayName="Main Flow Form" parentDisplayName="Flow" id="{1e9a3577-99f5-477a-82fd-736255a3ff9d}" />
      </MissingDependency>
      <MissingDependency>
        <Required type="2" schemaName="admin_requirement_2" displayName="Maker Requirement - Business Impact" parentSchemaName="admin_flow" parentDisplayName="Flow" solution="CenterofExcellenceCoreComponents (3.56)" />
        <Dependent type="60" displayName="Main Flow Form" parentDisplayName="Flow" id="{1e9a3577-99f5-477a-82fd-736255a3ff9d}" />
      </MissingDependency>
      <MissingDependency>
        <Required type="2" schemaName="admin_templatename" displayName="Template Name" parentSchemaName="admin_flow" parentDisplayName="Flow" solution="CenterofExcellenceCoreComponents (3.56)" />
        <Dependent type="60" displayName="Main Flow Form" parentDisplayName="Flow" id="{1e9a3577-99f5-477a-82fd-736255a3ff9d}" />
      </MissingDependency>
      <MissingDependency>
        <Required type="2" schemaName="cr5d5_flowisorphaned" displayName="Flow is Orphaned" parentSchemaName="admin_flow" parentDisplayName="Flow" solution="CenterofExcellenceCoreComponents (3.56)" />
        <Dependent type="60" displayName="Main Flow Form" parentDisplayName="Flow" id="{1e9a3577-99f5-477a-82fd-736255a3ff9d}" />
      </MissingDependency>
      <MissingDependency>
        <Required type="2" schemaName="cr5d5_flowtrigger" displayName="FlowTrigger" parentSchemaName="admin_flow" parentDisplayName="Flow" solution="CenterofExcellenceCoreComponents (3.56)" />
        <Dependent type="60" displayName="Main Flow Form" parentDisplayName="Flow" id="{1e9a3577-99f5-477a-82fd-736255a3ff9d}" />
      </MissingDependency>
      <MissingDependency>
        <Required type="2" schemaName="ownerid" displayName="Owner" parentSchemaName="admin_flow" parentDisplayName="Flow" solution="Active" />
        <Dependent type="60" displayName="Main Flow Form" parentDisplayName="Flow" id="{1e9a3577-99f5-477a-82fd-736255a3ff9d}" />
      </MissingDependency>
      <MissingDependency>
        <Required type="2" schemaName="admin_displayname" displayName="Display Name" parentSchemaName="admin_maker" parentDisplayName="Maker" solution="CenterofExcellenceCoreComponents (3.56)" />
        <Dependent type="10" schemaName="admin_Flow_FlowCreator_admin_Maker" displayName="admin_Flow_FlowCreator_admin_Maker" parentSchemaName="admin_flow" parentDisplayName="Flow" />
      </MissingDependency>
      <MissingDependency>
        <Required type="2" schemaName="admin_displayname" displayName="Display Name" parentSchemaName="admin_maker" parentDisplayName="Maker" solution="CenterofExcellenceCoreComponents (3.56)" />
        <Dependent type="10" schemaName="erf_admin_flow_Usertoassignincidents_admin_ma" displayName="erf_admin_flow_Usertoassignincidents_admin_ma" parentSchemaName="admin_maker" parentDisplayName="Maker" />
      </MissingDependency>
      <MissingDependency>
        <Required type="2" schemaName="admin_displayname" displayName="Display Name" parentSchemaName="admin_maker" parentDisplayName="Maker" solution="CenterofExcellenceCoreComponents (3.56)" />
        <Dependent type="10" schemaName="erf_erf_cloudflowincident_makerid_admin_maker" displayName="erf_erf_cloudflowincident_makerid_admin_maker" parentSchemaName="admin_maker" parentDisplayName="Maker" />
      </MissingDependency>
      <MissingDependency>
        <Required type="2" schemaName="admin_makerid" displayName="Maker" parentSchemaName="admin_maker" parentDisplayName="Maker" solution="CenterofExcellenceCoreComponents (3.56)" />
        <Dependent type="10" schemaName="admin_Flow_FlowCreator_admin_Maker" displayName="admin_Flow_FlowCreator_admin_Maker" parentSchemaName="admin_flow" parentDisplayName="Flow" />
      </MissingDependency>
      <MissingDependency>
        <Required type="2" schemaName="admin_makerid" displayName="Maker" parentSchemaName="admin_maker" parentDisplayName="Maker" solution="CenterofExcellenceCoreComponents (3.56)" />
        <Dependent type="10" schemaName="erf_erf_cloudflowincident_makerid_admin_maker" displayName="erf_erf_cloudflowincident_makerid_admin_maker" parentSchemaName="admin_maker" parentDisplayName="Maker" />
      </MissingDependency>
      <MissingDependency>
        <Required type="2" schemaName="cat_cloudflowrunsid" displayName="Cloud Flow Runs" parentSchemaName="cat_cloudflowruns" parentDisplayName="Cloud Flow Runs" solution="CenterofExcellenceCoreComponents (3.56)" />
        <Dependent type="10" schemaName="erf_erf_cloudflowincident_cloudflowid_cat_clo" displayName="erf_erf_cloudflowincident_cloudflowid_cat_clo" parentSchemaName="cat_cloudflowruns" parentDisplayName="Cloud Flow Runs" />
      </MissingDependency>
      <MissingDependency>
        <Required type="2" schemaName="cat_cloudflowrunsid" displayName="Cloud Flow Runs" parentSchemaName="cat_cloudflowruns" parentDisplayName="Cloud Flow Runs" solution="CenterofExcellenceCoreComponents (3.56)" />
        <Dependent type="2" schemaName="erf_calculatedduration" displayName="Duration (Minutes)" parentSchemaName="cat_cloudflowruns" parentDisplayName="Cloud Flow Runs" />
      </MissingDependency>
      <MissingDependency>
        <Required type="2" schemaName="cat_cloudflowrunsid" displayName="Cloud Flow Runs" parentSchemaName="cat_cloudflowruns" parentDisplayName="Cloud Flow Runs" solution="CenterofExcellenceCoreComponents (3.56)" />
        <Dependent type="26" schemaName="Quick Find Active Cloud Flow Runs" displayName="Quick Find Active Cloud Flow Runs" parentSchemaName="cat_cloudflowruns" parentDisplayName="Cloud Flow Runs" id="{26f7636b-309f-49bd-b318-0c3db52331a8}" />
      </MissingDependency>
      <MissingDependency>
        <Required type="2" schemaName="cat_cloudflowrunsid" displayName="Cloud Flow Runs" parentSchemaName="cat_cloudflowruns" parentDisplayName="Cloud Flow Runs" solution="CenterofExcellenceCoreComponents (3.56)" />
        <Dependent type="26" schemaName="Active Cloud Flow Runs" displayName="Active Cloud Flow Runs" parentSchemaName="cat_cloudflowruns" parentDisplayName="Cloud Flow Runs" id="{777e9658-fad5-479f-a7b9-5b40b9e2b3e1}" />
      </MissingDependency>
      <MissingDependency>
        <Required type="2" schemaName="cat_cloudflowrunsid" displayName="Cloud Flow Runs" parentSchemaName="cat_cloudflowruns" parentDisplayName="Cloud Flow Runs" solution="CenterofExcellenceCoreComponents (3.56)" />
        <Dependent type="26" schemaName="Cloud Flow Runs Advanced Find View" displayName="Cloud Flow Runs Advanced Find View" parentSchemaName="cat_cloudflowruns" parentDisplayName="Cloud Flow Runs" id="{cd2b8e3d-70bb-44ef-b124-09236e1d249e}" />
      </MissingDependency>
      <MissingDependency>
        <Required type="2" schemaName="cat_endtime" displayName="End Time" parentSchemaName="cat_cloudflowruns" parentDisplayName="Cloud Flow Runs" solution="CenterofExcellenceCoreComponents (3.56)" />
        <Dependent type="2" schemaName="cat_endtime" displayName="End Time" parentSchemaName="cat_cloudflowruns" parentDisplayName="Cloud Flow Runs" />
      </MissingDependency>
      <MissingDependency>
        <Required type="2" schemaName="cat_flow" displayName="Flow" parentSchemaName="cat_cloudflowruns" parentDisplayName="Cloud Flow Runs" solution="CenterofExcellenceCoreComponents (3.56)" />
        <Dependent type="2" schemaName="cat_flow" displayName="Flow" parentSchemaName="cat_cloudflowruns" parentDisplayName="Cloud Flow Runs" />
      </MissingDependency>
      <MissingDependency>
        <Required type="2" schemaName="cat_name" displayName="Name" parentSchemaName="cat_cloudflowruns" parentDisplayName="Cloud Flow Runs" solution="CenterofExcellenceCoreComponents (3.56)" />
        <Dependent type="2" schemaName="cat_name" displayName="Name" parentSchemaName="cat_cloudflowruns" parentDisplayName="Cloud Flow Runs" />
      </MissingDependency>
      <MissingDependency>
        <Required type="2" schemaName="cat_starttime" displayName="Start Time" parentSchemaName="cat_cloudflowruns" parentDisplayName="Cloud Flow Runs" solution="CenterofExcellenceCoreComponents (3.56)" />
        <Dependent type="2" schemaName="cat_starttime" displayName="Start Time" parentSchemaName="cat_cloudflowruns" parentDisplayName="Cloud Flow Runs" />
      </MissingDependency>
      <MissingDependency>
        <Required type="2" schemaName="cat_status" displayName="Status" parentSchemaName="cat_cloudflowruns" parentDisplayName="Cloud Flow Runs" solution="CenterofExcellenceCoreComponents (3.56)" />
        <Dependent type="26" schemaName="Cloud Flow Runs Advanced Find View" displayName="Cloud Flow Runs Advanced Find View" parentSchemaName="cat_cloudflowruns" parentDisplayName="Cloud Flow Runs" id="{cd2b8e3d-70bb-44ef-b124-09236e1d249e}" />
      </MissingDependency>
      <MissingDependency>
        <Required type="2" schemaName="cat_status" displayName="Status" parentSchemaName="cat_cloudflowruns" parentDisplayName="Cloud Flow Runs" solution="CenterofExcellenceCoreComponents (3.56)" />
        <Dependent type="60" displayName="Information" parentDisplayName="Cloud Flow Runs" id="{253e3f15-19e7-45f9-9274-f3a44e86294f}" />
      </MissingDependency>
      <MissingDependency>
        <Required type="2" schemaName="createdon" displayName="Created On" parentSchemaName="cat_cloudflowruns" parentDisplayName="Cloud Flow Runs" solution="CenterofExcellenceCoreComponents (3.56)" />
        <Dependent type="26" schemaName="Quick Find Active Cloud Flow Runs" displayName="Quick Find Active Cloud Flow Runs" parentSchemaName="cat_cloudflowruns" parentDisplayName="Cloud Flow Runs" id="{26f7636b-309f-49bd-b318-0c3db52331a8}" />
      </MissingDependency>
      <MissingDependency>
        <Required type="2" schemaName="createdon" displayName="Created On" parentSchemaName="cat_cloudflowruns" parentDisplayName="Cloud Flow Runs" solution="CenterofExcellenceCoreComponents (3.56)" />
        <Dependent type="26" schemaName="Active Cloud Flow Runs" displayName="Active Cloud Flow Runs" parentSchemaName="cat_cloudflowruns" parentDisplayName="Cloud Flow Runs" id="{777e9658-fad5-479f-a7b9-5b40b9e2b3e1}" />
      </MissingDependency>
      <MissingDependency>
        <Required type="2" schemaName="ownerid" displayName="Owner" parentSchemaName="cat_cloudflowruns" parentDisplayName="Cloud Flow Runs" solution="Active" />
        <Dependent type="60" displayName="Information" parentDisplayName="Cloud Flow Runs" id="{253e3f15-19e7-45f9-9274-f3a44e86294f}" />
      </MissingDependency>
      <MissingDependency>
        <Required type="2" schemaName="statecode" displayName="Status" parentSchemaName="cat_cloudflowruns" parentDisplayName="Cloud Flow Runs" solution="CenterofExcellenceCoreComponents (3.56)" />
        <Dependent type="2" schemaName="statecode" displayName="Status" parentSchemaName="cat_cloudflowruns" parentDisplayName="Cloud Flow Runs" />
      </MissingDependency>
      <MissingDependency>
        <Required type="26" schemaName="Active Connection References" displayName="Active Connection References" parentSchemaName="admin_connectionreference" parentDisplayName="CoE Connection Reference" solution="CenterofExcellenceCoreComponents (3.56)" id="{0efcdf8f-7a1c-414e-aeb0-3c5590da39bb}" />
        <Dependent type="60" displayName="Main Flow Form" parentDisplayName="Flow" id="{1e9a3577-99f5-477a-82fd-736255a3ff9d}" />
      </MissingDependency>
      <MissingDependency>
        <Required type="26" schemaName="Environment Lookup View" displayName="Environment Lookup View" parentSchemaName="admin_environment" parentDisplayName="Environment" solution="CenterofExcellenceCoreComponents (3.56)" id="{16c8f393-8e98-4318-a2d3-0fec847c0c7b}" />
        <Dependent type="60" displayName="Main Flow Form" parentDisplayName="Flow" id="{1e9a3577-99f5-477a-82fd-736255a3ff9d}" />
      </MissingDependency>
      <MissingDependency>
        <Required type="26" schemaName="Quick Find Active Cloud Flow Runs" displayName="Quick Find Active Cloud Flow Runs" parentSchemaName="cat_cloudflowruns" parentDisplayName="Cloud Flow Runs" solution="CenterofExcellenceCoreComponents (3.56)" id="{26f7636b-309f-49bd-b318-0c3db52331a8}" />
        <Dependent type="26" schemaName="Quick Find Active Cloud Flow Runs" displayName="Quick Find Active Cloud Flow Runs" parentSchemaName="cat_cloudflowruns" parentDisplayName="Cloud Flow Runs" id="{26f7636b-309f-49bd-b318-0c3db52331a8}" />
      </MissingDependency>
      <MissingDependency>
        <Required type="26" schemaName="Maker Lookup View" displayName="Maker Lookup View" parentSchemaName="admin_maker" parentDisplayName="Maker" solution="CenterofExcellenceCoreComponents (3.56)" id="{32cb5052-a761-447d-b592-5641a097a171}" />
        <Dependent type="60" displayName="Main Flow Form" parentDisplayName="Flow" id="{1e9a3577-99f5-477a-82fd-736255a3ff9d}" />
      </MissingDependency>
      <MissingDependency>
        <Required type="26" schemaName="Active Flow Action Details" displayName="Active Flow Action Details" parentSchemaName="admin_flowactiondetail" parentDisplayName="Flow Action Detail" solution="CenterofExcellenceCoreComponents (3.56)" id="{7054d76f-dd3e-4a25-9b3f-7fd6424e3224}" />
        <Dependent type="60" displayName="Main Flow Form" parentDisplayName="Flow" id="{1e9a3577-99f5-477a-82fd-736255a3ff9d}" />
      </MissingDependency>
      <MissingDependency>
        <Required type="26" schemaName="Active Cloud Flow Runs" displayName="Active Cloud Flow Runs" parentSchemaName="cat_cloudflowruns" parentDisplayName="Cloud Flow Runs" solution="CenterofExcellenceCoreComponents (3.56)" id="{777e9658-fad5-479f-a7b9-5b40b9e2b3e1}" />
        <Dependent type="26" schemaName="Active Cloud Flow Runs" displayName="Active Cloud Flow Runs" parentSchemaName="cat_cloudflowruns" parentDisplayName="Cloud Flow Runs" id="{777e9658-fad5-479f-a7b9-5b40b9e2b3e1}" />
      </MissingDependency>
      <MissingDependency>
        <Required type="26" schemaName="My Cloud Flow Runs" displayName="My Cloud Flow Runs" parentSchemaName="cat_cloudflowruns" parentDisplayName="Cloud Flow Runs" solution="CenterofExcellenceCoreComponents (3.56)" id="{bdf13103-6b99-eb11-b1ac-000d3a1629f8}" />
        <Dependent type="26" schemaName="My Cloud Flow Runs" displayName="My Cloud Flow Runs" parentSchemaName="cat_cloudflowruns" parentDisplayName="Cloud Flow Runs" id="{bdf13103-6b99-eb11-b1ac-000d3a1629f8}" />
      </MissingDependency>
      <MissingDependency>
        <Required type="26" schemaName="Cloud Flow Runs Advanced Find View" displayName="Cloud Flow Runs Advanced Find View" parentSchemaName="cat_cloudflowruns" parentDisplayName="Cloud Flow Runs" solution="CenterofExcellenceCoreComponents (3.56)" id="{cd2b8e3d-70bb-44ef-b124-09236e1d249e}" />
        <Dependent type="26" schemaName="Cloud Flow Runs Advanced Find View" displayName="Cloud Flow Runs Advanced Find View" parentSchemaName="cat_cloudflowruns" parentDisplayName="Cloud Flow Runs" id="{cd2b8e3d-70bb-44ef-b124-09236e1d249e}" />
      </MissingDependency>
      <MissingDependency>
        <Required type="60" displayName="Main Flow Form" parentDisplayName="Flow" solution="CenterofExcellenceCoreComponents (3.56)" id="{1e9a3577-99f5-477a-82fd-736255a3ff9d}" />
        <Dependent type="60" displayName="Main Flow Form" parentDisplayName="Flow" id="{1e9a3577-99f5-477a-82fd-736255a3ff9d}" />
      </MissingDependency>
      <MissingDependency>
        <Required type="60" displayName="Information" parentDisplayName="Cloud Flow Runs" solution="CenterofExcellenceCoreComponents (3.56)" id="{253e3f15-19e7-45f9-9274-f3a44e86294f}" />
        <Dependent type="60" displayName="Information" parentDisplayName="Cloud Flow Runs" id="{253e3f15-19e7-45f9-9274-f3a44e86294f}" />
      </MissingDependency>
      <MissingDependency>
        <Required type="61" schemaName="admin_AuditLogIcon" displayName="admin_AuditLogIcon" solution="CenterofExcellenceCoreComponents (3.56)" />
        <Dependent type="62" schemaName="admin_PowerPlatformAdminView" />
      </MissingDependency>
      <MissingDependency>
        <Required type="61" schemaName="admin_bpfIcon" displayName="admin_bpfIcon" solution="CenterofExcellenceCoreComponents (3.56)" />
        <Dependent type="62" schemaName="admin_PowerPlatformAdminView" />
      </MissingDependency>
      <MissingDependency>
        <Required type="61" schemaName="admin_ChatbotIcon" displayName="admin_ChatbotIcon" solution="CenterofExcellenceCoreComponents (3.56)" />
        <Dependent type="62" schemaName="admin_PowerPlatformAdminView" />
      </MissingDependency>
      <MissingDependency>
        <Required type="61" schemaName="admin_ConnectorIcon" displayName="admin_ConnectorIcon" solution="CenterofExcellenceCoreComponents (3.56)" />
        <Dependent type="62" schemaName="admin_PowerPlatformAdminView" />
      </MissingDependency>
      <MissingDependency>
        <Required type="61" schemaName="admin_environmentIcon" displayName="admin_environmentIcon" solution="CenterofExcellenceCoreComponents (3.56)" />
        <Dependent type="62" schemaName="admin_PowerPlatformAdminView" />
      </MissingDependency>
      <MissingDependency>
        <Required type="61" schemaName="admin_FlowIcon" displayName="admin_FlowIcon" solution="CenterofExcellenceCoreComponents (3.56)" />
        <Dependent type="62" schemaName="admin_PowerPlatformAdminView" />
      </MissingDependency>
      <MissingDependency>
        <Required type="61" schemaName="admin_PortalIcon" displayName="admin_PortalIcon" solution="CenterofExcellenceCoreComponents (3.56)" />
        <Dependent type="62" schemaName="admin_PowerPlatformAdminView" />
      </MissingDependency>
      <MissingDependency>
        <Required type="61" schemaName="admin_PowerAppIcon" displayName="admin_PowerAppIcon" solution="CenterofExcellenceCoreComponents (3.56)" />
        <Dependent type="62" schemaName="admin_PowerPlatformAdminView" />
      </MissingDependency>
      <MissingDependency>
        <Required type="61" schemaName="admin_SolutionIcon" displayName="admin_SolutionIcon" solution="CenterofExcellenceCoreComponents (3.56)" />
        <Dependent type="62" schemaName="admin_PowerPlatformAdminView" />
      </MissingDependency>
      <MissingDependency>
        <Required type="61" schemaName="admin_userIcon" displayName="admin_userIcon" solution="CenterofExcellenceCoreComponents (3.56)" />
        <Dependent type="62" schemaName="admin_PowerPlatformAdminView" />
      </MissingDependency>
      <MissingDependency>
        <Required type="61" schemaName="admin_UsersIcon" displayName="admin_UsersIcon" solution="CenterofExcellenceCoreComponents (3.56)" />
        <Dependent type="62" schemaName="admin_PowerPlatformAdminView" />
      </MissingDependency>
      <MissingDependency>
        <Required type="62" schemaName="admin_PowerPlatformAdminView" solution="CenterofExcellenceCoreComponents (3.56)" />
        <Dependent type="62" schemaName="admin_PowerPlatformAdminView" />
      </MissingDependency>
      <MissingDependency>
        <Required type="connectionreference" displayName="admin_CoECoreDataverseEnvRequest" solution="CenterofExcellenceCoreComponents (3.56)" id.connectionreferencelogicalname="admin_CoECoreDataverseEnvRequest" />
        <Dependent type="29" displayName="Cloud Flow - Alert When Cloud Flows is off" id="{99d0dade-88c7-ec11-a7b6-002248823db1}" />
      </MissingDependency>
      <MissingDependency>
        <Required type="connectionreference" displayName="admin_CoECoreDataverseEnvRequest" solution="CenterofExcellenceCoreComponents (3.56)" id.connectionreferencelogicalname="admin_CoECoreDataverseEnvRequest" />
        <Dependent type="29" displayName="Cloud Flow - Alert When Cloud Flow Fails" id="{dee7a603-8dc7-ec11-a7b6-002248823db1}" />
      </MissingDependency>
      <MissingDependency>
        <Required type="connectionreference" displayName="admin_CoECorePowerAutomateManagement" solution="CenterofExcellenceCoreComponents (3.56)" id.connectionreferencelogicalname="admin_CoECorePowerAutomateManagement" />
        <Dependent type="29" displayName="Cloud Flow - Alert When Cloud Flows is off" id="{99d0dade-88c7-ec11-a7b6-002248823db1}" />
      </MissingDependency>
      <MissingDependency>
        <Required type="connectionreference" displayName="admin_sharedcommondataserviceforapps_98924" solution="CenterofExcellenceCoreComponents (3.56)" id.connectionreferencelogicalname="admin_sharedcommondataserviceforapps_98924" />
        <Dependent type="29" displayName="Custom - Admin | Sync Template v3 (CloudFlowExecutions)" id="{29c69d50-d8c6-ec11-a7b6-000d3a2aa717}" />
      </MissingDependency>
      <MissingDependency>
        <Required type="EnvironmentVariableDefinition" displayName="admin_AdminMail" solution="CenterofExcellenceCoreComponents (3.56)" id.schemaname="admin_AdminMail" />
        <Dependent type="29" displayName="Cloud Flow - Alert When Cloud Flows is off" id="{99d0dade-88c7-ec11-a7b6-002248823db1}" />
      </MissingDependency>
      <MissingDependency>
        <Required type="EnvironmentVariableDefinition" displayName="admin_AdminMail" solution="CenterofExcellenceCoreComponents (3.56)" id.schemaname="admin_AdminMail" />
        <Dependent type="29" displayName="Cloud Flow - Alert When Cloud Flow Fails" id="{dee7a603-8dc7-ec11-a7b6-002248823db1}" />
      </MissingDependency>
      <MissingDependency>
        <Required type="EnvironmentVariableDefinition" displayName="admin_PowerAutomateEnvironmentVariable" solution="CenterofExcellenceCoreComponents (3.56)" id.schemaname="admin_PowerAutomateEnvironmentVariable" />
        <Dependent type="29" displayName="Custom - Admin | Sync Template v3 (CloudFlowExecutions)" id="{29c69d50-d8c6-ec11-a7b6-000d3a2aa717}" />
      </MissingDependency>
      <MissingDependency>
        <Required type="EnvironmentVariableDefinition" displayName="admin_PowerAutomateEnvironmentVariable" solution="CenterofExcellenceCoreComponents (3.56)" id.schemaname="admin_PowerAutomateEnvironmentVariable" />
        <Dependent type="29" displayName="Cloud Flow - Alert When Cloud Flows is off" id="{99d0dade-88c7-ec11-a7b6-002248823db1}" />
      </MissingDependency>
    </MissingDependencies>
  </SolutionManifest>
</ImportExportXml>